motion,joint_id,joint_label,min_logical_degrees,max_logical_degrees,span_degrees,stand_logical_degrees,frame_count,stored_duration_ms
rest,0,R1,90.0,90.0,0.0,135.0,1,160
rest,1,R2,90.0,90.0,0.0,45.0,1,160
rest,2,L1,90.0,90.0,0.0,45.0,1,160
rest,3,L2,90.0,90.0,0.0,135.0,1,160
rest,4,R4,90.0,90.0,0.0,0.0,1,160
rest,5,R3,90.0,90.0,0.0,180.0,1,160
rest,6,L3,90.0,90.0,0.0,0.0,1,160
rest,7,L4,90.0,90.0,0.0,180.0,1,160
stand,0,R1,135.0,135.0,0.0,135.0,1,160
stand,1,R2,45.0,45.0,0.0,45.0,1,160
stand,2,L1,45.0,45.0,0.0,45.0,1,160
stand,3,L2,135.0,135.0,0.0,135.0,1,160
stand,4,R4,0.0,0.0,0.0,0.0,1,160
stand,5,R3,180.0,180.0,0.0,180.0,1,160
stand,6,L3,0.0,0.0,0.0,0.0,1,160
stand,7,L4,180.0,180.0,0.0,180.0,1,160
wave,0,R1,100.0,135.0,35.0,135.0,14,4240
wave,1,R2,45.0,45.0,0.0,45.0,14,4240
wave,2,L1,45.0,45.0,0.0,45.0,14,4240
wave,3,L2,90.0,135.0,45.0,135.0,14,4240
wave,4,R4,0.0,80.0,80.0,0.0,14,4240
wave,5,R3,180.0,180.0,0.0,180.0,14,4240
wave,6,L3,0.0,180.0,180.0,0.0,14,4240
wave,7,L4,180.0,180.0,0.0,180.0,14,4240
dance,0,R1,90.0,135.0,45.0,135.0,12,4420
dance,1,R2,45.0,90.0,45.0,45.0,12,4420
dance,2,L1,45.0,90.0,45.0,45.0,12,4420
dance,3,L2,90.0,135.0,45.0,135.0,12,4420
dance,4,R4,0.0,160.0,160.0,0.0,12,4420
dance,5,R3,115.0,180.0,65.0,180.0,12,4420
dance,6,L3,0.0,65.0,65.0,0.0,12,4420
dance,7,L4,10.0,180.0,170.0,180.0,12,4420
swim,0,R1,90.0,135.0,45.0,135.0,10,4160
swim,1,R2,45.0,90.0,45.0,45.0,10,4160
swim,2,L1,45.0,90.0,45.0,45.0,10,4160
swim,3,L2,90.0,135.0,45.0,135.0,10,4160
swim,4,R4,0.0,90.0,90.0,0.0,10,4160
swim,5,R3,90.0,180.0,90.0,180.0,10,4160
swim,6,L3,0.0,90.0,90.0,0.0,10,4160
swim,7,L4,90.0,180.0,90.0,180.0,10,4160
point,0,R1,135.0,135.0,0.0,135.0,2,2320
point,1,R2,45.0,100.0,55.0,45.0,2,2320
point,2,L1,25.0,45.0,20.0,45.0,2,2320
point,3,L2,90.0,135.0,45.0,135.0,2,2320
point,4,R4,0.0,80.0,80.0,0.0,2,2320
point,5,R3,170.0,180.0,10.0,180.0,2,2320
point,6,L3,0.0,145.0,145.0,0.0,2,2320
point,7,L4,180.0,180.0,0.0,180.0,2,2320
pushup,0,R1,135.0,180.0,45.0,135.0,11,5820
pushup,1,R2,45.0,45.0,0.0,45.0,11,5820
pushup,2,L1,0.0,45.0,45.0,45.0,11,5820
pushup,3,L2,135.0,135.0,0.0,135.0,11,5820
pushup,4,R4,0.0,0.0,0.0,0.0,11,5820
pushup,5,R3,90.0,180.0,90.0,180.0,11,5820
pushup,6,L3,0.0,90.0,90.0,0.0,11,5820
pushup,7,L4,180.0,180.0,0.0,180.0,11,5820
bow,0,R1,135.0,180.0,45.0,135.0,4,4320
bow,1,R2,0.0,45.0,45.0,45.0,4,4320
bow,2,L1,0.0,45.0,45.0,45.0,4,4320
bow,3,L2,135.0,180.0,45.0,135.0,4,4320
bow,4,R4,0.0,0.0,0.0,0.0,4,4320
bow,5,R3,90.0,180.0,90.0,180.0,4,4320
bow,6,L3,0.0,90.0,90.0,0.0,4,4320
bow,7,L4,180.0,180.0,0.0,180.0,4,4320
cute,0,R1,135.0,180.0,45.0,135.0,13,4280
cute,1,R2,20.0,45.0,25.0,45.0,13,4280
cute,2,L1,0.0,45.0,45.0,45.0,13,4280
cute,3,L2,135.0,160.0,25.0,135.0,13,4280
cute,4,R4,0.0,180.0,180.0,0.0,13,4280
cute,5,R3,0.0,180.0,180.0,180.0,13,4280
cute,6,L3,0.0,180.0,180.0,0.0,13,4280
cute,7,L4,0.0,180.0,180.0,180.0,13,4280
freaky,0,R1,135.0,180.0,45.0,135.0,9,3360
freaky,1,R2,0.0,45.0,45.0,45.0,9,3360
freaky,2,L1,0.0,45.0,45.0,45.0,9,3360
freaky,3,L2,135.0,180.0,45.0,135.0,9,3360
freaky,4,R4,0.0,90.0,90.0,0.0,9,3360
freaky,5,R3,0.0,180.0,180.0,180.0,9,3360
freaky,6,L3,0.0,0.0,0.0,0.0,9,3360
freaky,7,L4,180.0,180.0,0.0,180.0,9,3360
worm,0,R1,135.0,180.0,45.0,135.0,13,4680
worm,1,R2,0.0,45.0,45.0,45.0,13,4680
worm,2,L1,0.0,45.0,45.0,45.0,13,4680
worm,3,L2,135.0,180.0,45.0,135.0,13,4680
worm,4,R4,0.0,135.0,135.0,0.0,13,4680
worm,5,R3,45.0,180.0,135.0,180.0,13,4680
worm,6,L3,0.0,135.0,135.0,0.0,13,4680
worm,7,L4,45.0,180.0,135.0,180.0,13,4680
shake,0,R1,135.0,135.0,0.0,135.0,13,4240
shake,1,R2,45.0,90.0,45.0,45.0,13,4240
shake,2,L1,45.0,45.0,0.0,45.0,13,4240
shake,3,L2,90.0,135.0,45.0,135.0,13,4240
shake,4,R4,0.0,45.0,45.0,0.0,13,4240
shake,5,R3,90.0,180.0,90.0,180.0,13,4240
shake,6,L3,0.0,90.0,90.0,0.0,13,4240
shake,7,L4,135.0,180.0,45.0,180.0,13,4240
shrug,0,R1,135.0,135.0,0.0,135.0,4,3180
shrug,1,R2,45.0,45.0,0.0,45.0,4,3180
shrug,2,L1,45.0,45.0,0.0,45.0,4,3180
shrug,3,L2,135.0,135.0,0.0,135.0,4,3180
shrug,4,R4,0.0,180.0,180.0,0.0,4,3180
shrug,5,R3,0.0,180.0,180.0,180.0,4,3180
shrug,6,L3,0.0,180.0,180.0,0.0,4,3180
shrug,7,L4,0.0,180.0,180.0,180.0,4,3180
dead,0,R1,135.0,135.0,0.0,135.0,2,440
dead,1,R2,45.0,45.0,0.0,45.0,2,440
dead,2,L1,45.0,45.0,0.0,45.0,2,440
dead,3,L2,135.0,135.0,0.0,135.0,2,440
dead,4,R4,0.0,90.0,90.0,0.0,2,440
dead,5,R3,90.0,180.0,90.0,180.0,2,440
dead,6,L3,0.0,90.0,90.0,0.0,2,440
dead,7,L4,90.0,180.0,90.0,180.0,2,440
crab,0,R1,90.0,135.0,45.0,135.0,13,4480
crab,1,R2,45.0,90.0,45.0,45.0,13,4480
crab,2,L1,45.0,90.0,45.0,45.0,13,4480
crab,3,L2,90.0,135.0,45.0,135.0,13,4480
crab,4,R4,0.0,45.0,45.0,0.0,13,4480
crab,5,R3,135.0,180.0,45.0,180.0,13,4480
crab,6,L3,0.0,45.0,45.0,0.0,13,4480
crab,7,L4,135.0,180.0,45.0,180.0,13,4480
walk_forward,0,R1,90.0,180.0,90.0,135.0,32,4940
walk_forward,1,R2,45.0,100.0,55.0,45.0,32,4940
walk_forward,2,L1,0.0,90.0,90.0,45.0,32,4940
walk_forward,3,L2,90.0,135.0,45.0,135.0,32,4940
walk_forward,4,R4,0.0,45.0,45.0,0.0,32,4940
walk_forward,5,R3,135.0,180.0,45.0,180.0,32,4940
walk_forward,6,L3,0.0,45.0,45.0,0.0,32,4940
walk_forward,7,L4,135.0,180.0,45.0,180.0,32,4940
walk_backward,0,R1,90.0,180.0,90.0,135.0,31,4760
walk_backward,1,R2,45.0,90.0,45.0,45.0,31,4760
walk_backward,2,L1,0.0,90.0,90.0,45.0,31,4760
walk_backward,3,L2,90.0,135.0,45.0,135.0,31,4760
walk_backward,4,R4,0.0,45.0,45.0,0.0,31,4760
walk_backward,5,R3,135.0,180.0,45.0,180.0,31,4760
walk_backward,6,L3,0.0,45.0,45.0,0.0,31,4760
walk_backward,7,L4,135.0,180.0,45.0,180.0,31,4760
turn_left,0,R1,135.0,180.0,45.0,135.0,81,11360
turn_left,1,R2,45.0,90.0,45.0,45.0,81,11360
turn_left,2,L1,45.0,90.0,45.0,45.0,81,11360
turn_left,3,L2,135.0,180.0,45.0,135.0,81,11360
turn_left,4,R4,0.0,45.0,45.0,0.0,81,11360
turn_left,5,R3,135.0,180.0,45.0,180.0,81,11360
turn_left,6,L3,0.0,45.0,45.0,0.0,81,11360
turn_left,7,L4,135.0,180.0,45.0,180.0,81,11360
turn_right,0,R1,90.0,135.0,45.0,135.0,81,11360
turn_right,1,R2,0.0,45.0,45.0,45.0,81,11360
turn_right,2,L1,0.0,45.0,45.0,45.0,81,11360
turn_right,3,L2,90.0,135.0,45.0,135.0,81,11360
turn_right,4,R4,0.0,45.0,45.0,0.0,81,11360
turn_right,5,R3,135.0,180.0,45.0,180.0,81,11360
turn_right,6,L3,0.0,45.0,45.0,0.0,81,11360
turn_right,7,L4,135.0,180.0,45.0,180.0,81,11360
sit,0,R1,135.0,135.0,0.0,135.0,2,1450
sit,1,R2,45.0,45.0,0.0,45.0,2,1450
sit,2,L1,45.0,45.0,0.0,45.0,2,1450
sit,3,L2,135.0,135.0,0.0,135.0,2,1450
sit,4,R4,60.0,60.0,0.0,0.0,2,1450
sit,5,R3,180.0,180.0,0.0,180.0,2,1450
sit,6,L3,0.0,0.0,0.0,0.0,2,1450
sit,7,L4,120.0,120.0,0.0,180.0,2,1450
nod,0,R1,135.0,135.0,0.0,135.0,9,2460
nod,1,R2,45.0,45.0,0.0,45.0,9,2460
nod,2,L1,45.0,45.0,0.0,45.0,9,2460
nod,3,L2,135.0,135.0,0.0,135.0,9,2460
nod,4,R4,0.0,0.0,0.0,0.0,9,2460
nod,5,R3,104.0,180.0,76.0,180.0,9,2460
nod,6,L3,0.0,76.0,76.0,0.0,9,2460
nod,7,L4,180.0,180.0,0.0,180.0,9,2460
celebrate,0,R1,135.0,180.0,45.0,135.0,13,6130
celebrate,1,R2,20.0,45.0,25.0,45.0,13,6130
celebrate,2,L1,0.0,45.0,45.0,45.0,13,6130
celebrate,3,L2,135.0,160.0,25.0,135.0,13,6130
celebrate,4,R4,0.0,180.0,180.0,0.0,13,6130
celebrate,5,R3,0.0,180.0,180.0,180.0,13,6130
celebrate,6,L3,0.0,180.0,180.0,0.0,13,6130
celebrate,7,L4,0.0,180.0,180.0,180.0,13,6130
stretch,0,R1,135.0,180.0,45.0,135.0,8,4330
stretch,1,R2,45.0,60.0,15.0,45.0,8,4330
stretch,2,L1,0.0,45.0,45.0,45.0,8,4330
stretch,3,L2,120.0,135.0,15.0,135.0,8,4330
stretch,4,R4,0.0,37.5,37.5,0.0,8,4330
stretch,5,R3,72.0,180.0,108.0,180.0,8,4330
stretch,6,L3,0.0,108.0,108.0,0.0,8,4330
stretch,7,L4,142.5,180.0,37.5,180.0,8,4330
macarena,0,R1,85.0,150.0,65.0,135.0,34,15680
macarena,1,R2,30.0,60.0,30.0,45.0,34,15680
macarena,2,L1,30.0,95.0,65.0,45.0,34,15680
macarena,3,L2,120.0,150.0,30.0,135.0,34,15680
macarena,4,R4,0.0,25.0,25.0,0.0,34,15680
macarena,5,R3,90.0,180.0,90.0,180.0,34,15680
macarena,6,L3,0.0,90.0,90.0,0.0,34,15680
macarena,7,L4,160.0,180.0,20.0,180.0,34,15680
salsa,0,R1,115.0,150.0,35.0,135.0,34,13120
salsa,1,R2,45.0,65.0,20.0,45.0,34,13120
salsa,2,L1,25.0,65.0,40.0,45.0,34,13120
salsa,3,L2,115.0,135.0,20.0,135.0,34,13120
salsa,4,R4,0.0,35.0,35.0,0.0,34,13120
salsa,5,R3,130.0,180.0,50.0,180.0,34,13120
salsa,6,L3,0.0,50.0,50.0,0.0,34,13120
salsa,7,L4,145.0,180.0,35.0,180.0,34,13120
surprised,0,R1,135.0,135.0,0.0,135.0,12,5000
surprised,1,R2,45.0,45.0,0.0,45.0,12,5000
surprised,2,L1,45.0,45.0,0.0,45.0,12,5000
surprised,3,L2,135.0,135.0,0.0,135.0,12,5000
surprised,4,R4,0.0,90.0,90.0,0.0,12,5000
surprised,5,R3,0.0,180.0,180.0,180.0,12,5000
surprised,6,L3,0.0,180.0,180.0,0.0,12,5000
surprised,7,L4,90.0,180.0,90.0,180.0,12,5000
sad,0,R1,135.0,172.5,37.5,135.0,8,4660
sad,1,R2,45.0,52.5,7.5,45.0,8,4660
sad,2,L1,7.5,45.0,37.5,45.0,8,4660
sad,3,L2,127.5,135.0,7.5,135.0,8,4660
sad,4,R4,0.0,15.0,15.0,0.0,8,4660
sad,5,R3,90.0,180.0,90.0,180.0,8,4660
sad,6,L3,0.0,90.0,90.0,0.0,8,4660
sad,7,L4,165.0,180.0,15.0,180.0,8,4660
curious,0,R1,112.5,157.5,45.0,135.0,72,18490
curious,1,R2,22.5,67.5,45.0,45.0,72,18490
curious,2,L1,22.5,67.5,45.0,45.0,72,18490
curious,3,L2,112.5,157.5,45.0,135.0,72,18490
curious,4,R4,0.0,26.2,26.2,0.0,72,18490
curious,5,R3,153.8,180.0,26.19999999999999,180.0,72,18490
curious,6,L3,0.0,26.2,26.2,0.0,72,18490
curious,7,L4,153.8,180.0,26.19999999999999,180.0,72,18490
turn_left_45,0,R1,135.0,157.5,22.5,135.0,26,6240
turn_left_45,1,R2,45.0,67.5,22.5,45.0,26,6240
turn_left_45,2,L1,45.0,67.5,22.5,45.0,26,6240
turn_left_45,3,L2,135.0,157.5,22.5,135.0,26,6240
turn_left_45,4,R4,0.0,26.2,26.2,0.0,26,6240
turn_left_45,5,R3,153.8,180.0,26.19999999999999,180.0,26,6240
turn_left_45,6,L3,0.0,26.2,26.2,0.0,26,6240
turn_left_45,7,L4,153.8,180.0,26.19999999999999,180.0,26,6240
turn_right_45,0,R1,112.5,135.0,22.5,135.0,26,6240
turn_right_45,1,R2,22.5,45.0,22.5,45.0,26,6240
turn_right_45,2,L1,22.5,45.0,22.5,45.0,26,6240
turn_right_45,3,L2,112.5,135.0,22.5,135.0,26,6240
turn_right_45,4,R4,0.0,26.2,26.2,0.0,26,6240
turn_right_45,5,R3,153.8,180.0,26.19999999999999,180.0,26,6240
turn_right_45,6,L3,0.0,26.2,26.2,0.0,26,6240
turn_right_45,7,L4,153.8,180.0,26.19999999999999,180.0,26,6240
turn_left_90,0,R1,135.0,157.5,22.5,135.0,50,11520
turn_left_90,1,R2,45.0,67.5,22.5,45.0,50,11520
turn_left_90,2,L1,45.0,67.5,22.5,45.0,50,11520
turn_left_90,3,L2,135.0,157.5,22.5,135.0,50,11520
turn_left_90,4,R4,0.0,26.2,26.2,0.0,50,11520
turn_left_90,5,R3,153.8,180.0,26.19999999999999,180.0,50,11520
turn_left_90,6,L3,0.0,26.2,26.2,0.0,50,11520
turn_left_90,7,L4,153.8,180.0,26.19999999999999,180.0,50,11520
turn_right_90,0,R1,112.5,135.0,22.5,135.0,50,11520
turn_right_90,1,R2,22.5,45.0,22.5,45.0,50,11520
turn_right_90,2,L1,22.5,45.0,22.5,45.0,50,11520
turn_right_90,3,L2,112.5,135.0,22.5,135.0,50,11520
turn_right_90,4,R4,0.0,26.2,26.2,0.0,50,11520
turn_right_90,5,R3,153.8,180.0,26.19999999999999,180.0,50,11520
turn_right_90,6,L3,0.0,26.2,26.2,0.0,50,11520
turn_right_90,7,L4,153.8,180.0,26.19999999999999,180.0,50,11520
turn_left_180,0,R1,135.0,157.5,22.5,135.0,98,22180
turn_left_180,1,R2,45.0,67.5,22.5,45.0,98,22180
turn_left_180,2,L1,45.0,67.5,22.5,45.0,98,22180
turn_left_180,3,L2,135.0,157.5,22.5,135.0,98,22180
turn_left_180,4,R4,0.0,26.2,26.2,0.0,98,22180
turn_left_180,5,R3,153.8,180.0,26.19999999999999,180.0,98,22180
turn_left_180,6,L3,0.0,26.2,26.2,0.0,98,22180
turn_left_180,7,L4,153.8,180.0,26.19999999999999,180.0,98,22180
turn_right_180,0,R1,112.5,135.0,22.5,135.0,98,22180
turn_right_180,1,R2,22.5,45.0,22.5,45.0,98,22180
turn_right_180,2,L1,22.5,45.0,22.5,45.0,98,22180
turn_right_180,3,L2,112.5,135.0,22.5,135.0,98,22180
turn_right_180,4,R4,0.0,26.2,26.2,0.0,98,22180
turn_right_180,5,R3,153.8,180.0,26.19999999999999,180.0,98,22180
turn_right_180,6,L3,0.0,26.2,26.2,0.0,98,22180
turn_right_180,7,L4,153.8,180.0,26.19999999999999,180.0,98,22180
walk_slow,0,R1,90.0,180.0,90.0,135.0,21,6740
walk_slow,1,R2,45.0,100.0,55.0,45.0,21,6740
walk_slow,2,L1,0.0,90.0,90.0,45.0,21,6740
walk_slow,3,L2,90.0,135.0,45.0,135.0,21,6740
walk_slow,4,R4,0.0,45.0,45.0,0.0,21,6740
walk_slow,5,R3,135.0,180.0,45.0,180.0,21,6740
walk_slow,6,L3,0.0,45.0,45.0,0.0,21,6740
walk_slow,7,L4,135.0,180.0,45.0,180.0,21,6740
run,0,R1,90.0,180.0,90.0,135.0,39,5180
run,1,R2,45.0,100.0,55.0,45.0,39,5180
run,2,L1,0.0,90.0,90.0,45.0,39,5180
run,3,L2,90.0,135.0,45.0,135.0,39,5180
run,4,R4,0.0,45.0,45.0,0.0,39,5180
run,5,R3,135.0,180.0,45.0,180.0,39,5180
run,6,L3,0.0,45.0,45.0,0.0,39,5180
run,7,L4,135.0,180.0,45.0,180.0,39,5180
number_one,0,R1,112.5,180.0,67.5,135.0,18,7690
number_one,1,R2,22.5,100.0,77.5,45.0,18,7690
number_one,2,L1,0.0,45.0,45.0,45.0,18,7690
number_one,3,L2,90.0,135.0,45.0,135.0,18,7690
number_one,4,R4,0.0,80.0,80.0,0.0,18,7690
number_one,5,R3,90.0,180.0,90.0,180.0,18,7690
number_one,6,L3,0.0,90.0,90.0,0.0,18,7690
number_one,7,L4,35.0,180.0,145.0,180.0,18,7690
number_two,0,R1,135.0,135.0,0.0,135.0,9,4870
number_two,1,R2,45.0,80.0,35.0,45.0,9,4870
number_two,2,L1,45.0,45.0,0.0,45.0,9,4870
number_two,3,L2,100.0,135.0,35.0,135.0,9,4870
number_two,4,R4,0.0,65.0,65.0,0.0,9,4870
number_two,5,R3,180.0,180.0,0.0,180.0,9,4870
number_two,6,L3,0.0,0.0,0.0,0.0,9,4870
number_two,7,L4,115.0,180.0,65.0,180.0,9,4870
