stride_percent,motion_rate_multiplier,nominal_speed_mm_s,cycle_advance_mm,frequency_hz,period_s,duty_fraction,nominal_stance_travel_mm,rearward_bias_mm
1,0.25,0.18253968253968259,1.3142857142857145,0.1388888888888889,7.199999999999999,0.7,0.92,0.3
1,0.5,0.36507936507936517,1.3142857142857145,0.2777777777777778,3.5999999999999996,0.7,0.92,0.3
1,1,0.7301587301587303,1.3142857142857145,0.5555555555555556,1.7999999999999998,0.7,0.92,0.3
1,1.5,1.0952380952380953,1.3142857142857145,0.8333333333333333,1.2000000000000002,0.7,0.92,0.3
1,2,1.4603174603174607,1.3142857142857145,1.1111111111111112,0.8999999999999999,0.7,0.92,0.3
1,3,2.1904761904761907,1.3142857142857145,1.6666666666666665,0.6000000000000001,0.7,0.92,0.3
2,0.25,0.36507936507936517,2.628571428571429,0.1388888888888889,7.199999999999999,0.7,1.84,0.6
2,0.5,0.7301587301587303,2.628571428571429,0.2777777777777778,3.5999999999999996,0.7,1.84,0.6
2,1,1.4603174603174607,2.628571428571429,0.5555555555555556,1.7999999999999998,0.7,1.84,0.6
2,1.5,2.1904761904761907,2.628571428571429,0.8333333333333333,1.2000000000000002,0.7,1.84,0.6
2,2,2.9206349206349214,2.628571428571429,1.1111111111111112,0.8999999999999999,0.7,1.84,0.6
2,3,4.380952380952381,2.628571428571429,1.6666666666666665,0.6000000000000001,0.7,1.84,0.6
3,0.25,0.5476190476190476,3.9428571428571426,0.1388888888888889,7.199999999999999,0.7,2.76,0.9
3,0.5,1.0952380952380951,3.9428571428571426,0.2777777777777778,3.5999999999999996,0.7,2.76,0.9
3,1,2.1904761904761902,3.9428571428571426,0.5555555555555556,1.7999999999999998,0.7,2.76,0.9
3,1.5,3.285714285714285,3.9428571428571426,0.8333333333333333,1.2000000000000002,0.7,2.76,0.9
3,2,4.3809523809523805,3.9428571428571426,1.1111111111111112,0.8999999999999999,0.7,2.76,0.9
3,3,6.57142857142857,3.9428571428571426,1.6666666666666665,0.6000000000000001,0.7,2.76,0.9
4,0.25,0.7301587301587303,5.257142857142858,0.1388888888888889,7.199999999999999,0.7,3.68,1.2
4,0.5,1.4603174603174607,5.257142857142858,0.2777777777777778,3.5999999999999996,0.7,3.68,1.2
4,1,2.9206349206349214,5.257142857142858,0.5555555555555556,1.7999999999999998,0.7,3.68,1.2
4,1.5,4.380952380952381,5.257142857142858,0.8333333333333333,1.2000000000000002,0.7,3.68,1.2
4,2,5.841269841269843,5.257142857142858,1.1111111111111112,0.8999999999999999,0.7,3.68,1.2
4,3,8.761904761904763,5.257142857142858,1.6666666666666665,0.6000000000000001,0.7,3.68,1.2
5,0.25,0.9126984126984127,6.571428571428571,0.1388888888888889,7.199999999999999,0.7,4.6,1.5
5,0.5,1.8253968253968254,6.571428571428571,0.2777777777777778,3.5999999999999996,0.7,4.6,1.5
5,1,3.6507936507936507,6.571428571428571,0.5555555555555556,1.7999999999999998,0.7,4.6,1.5
5,1.5,5.476190476190475,6.571428571428571,0.8333333333333333,1.2000000000000002,0.7,4.6,1.5
5,2,7.301587301587301,6.571428571428571,1.1111111111111112,0.8999999999999999,0.7,4.6,1.5
5,3,10.95238095238095,6.571428571428571,1.6666666666666665,0.6000000000000001,0.7,4.6,1.5
6,0.25,1.0952380952380951,7.885714285714285,0.1388888888888889,7.199999999999999,0.7,5.52,1.8
6,0.5,2.1904761904761902,7.885714285714285,0.2777777777777778,3.5999999999999996,0.7,5.52,1.8
6,1,4.3809523809523805,7.885714285714285,0.5555555555555556,1.7999999999999998,0.7,5.52,1.8
6,1.5,6.57142857142857,7.885714285714285,0.8333333333333333,1.2000000000000002,0.7,5.52,1.8
6,2,8.761904761904761,7.885714285714285,1.1111111111111112,0.8999999999999999,0.7,5.52,1.8
6,3,13.14285714285714,7.885714285714285,1.6666666666666665,0.6000000000000001,0.7,5.52,1.8
7,0.25,1.277777777777778,9.200000000000001,0.1388888888888889,7.199999999999999,0.7,6.44,2.1
7,0.5,2.555555555555556,9.200000000000001,0.2777777777777778,3.5999999999999996,0.7,6.44,2.1
7,1,5.111111111111112,9.200000000000001,0.5555555555555556,1.7999999999999998,0.7,6.44,2.1
7,1.5,7.666666666666667,9.200000000000001,0.8333333333333333,1.2000000000000002,0.7,6.44,2.1
7,2,10.222222222222223,9.200000000000001,1.1111111111111112,0.8999999999999999,0.7,6.44,2.1
7,3,15.333333333333334,9.200000000000001,1.6666666666666665,0.6000000000000001,0.7,6.44,2.1
8,0.25,1.4603174603174607,10.514285714285716,0.1388888888888889,7.199999999999999,0.7,7.36,2.4
8,0.5,2.9206349206349214,10.514285714285716,0.2777777777777778,3.5999999999999996,0.7,7.36,2.4
8,1,5.841269841269843,10.514285714285716,0.5555555555555556,1.7999999999999998,0.7,7.36,2.4
8,1.5,8.761904761904763,10.514285714285716,0.8333333333333333,1.2000000000000002,0.7,7.36,2.4
8,2,11.682539682539685,10.514285714285716,1.1111111111111112,0.8999999999999999,0.7,7.36,2.4
8,3,17.523809523809526,10.514285714285716,1.6666666666666665,0.6000000000000001,0.7,7.36,2.4
9,0.25,1.642857142857143,11.82857142857143,0.1388888888888889,7.199999999999999,0.7,8.28,2.7
9,0.5,3.285714285714286,11.82857142857143,0.2777777777777778,3.5999999999999996,0.7,8.28,2.7
9,1,6.571428571428572,11.82857142857143,0.5555555555555556,1.7999999999999998,0.7,8.28,2.7
9,1.5,9.857142857142858,11.82857142857143,0.8333333333333333,1.2000000000000002,0.7,8.28,2.7
9,2,13.142857142857144,11.82857142857143,1.1111111111111112,0.8999999999999999,0.7,8.28,2.7
9,3,19.714285714285715,11.82857142857143,1.6666666666666665,0.6000000000000001,0.7,8.28,2.7
10,0.25,1.8253968253968254,13.142857142857142,0.1388888888888889,7.199999999999999,0.7,9.2,3.0
10,0.5,3.6507936507936507,13.142857142857142,0.2777777777777778,3.5999999999999996,0.7,9.2,3.0
10,1,7.301587301587301,13.142857142857142,0.5555555555555556,1.7999999999999998,0.7,9.2,3.0
10,1.5,10.95238095238095,13.142857142857142,0.8333333333333333,1.2000000000000002,0.7,9.2,3.0
10,2,14.603174603174603,13.142857142857142,1.1111111111111112,0.8999999999999999,0.7,9.2,3.0
10,3,21.9047619047619,13.142857142857142,1.6666666666666665,0.6000000000000001,0.7,9.2,3.0
11,0.25,2.007936507936508,14.457142857142857,0.1388888888888889,7.199999999999999,0.7,10.12,3.3
11,0.5,4.015873015873016,14.457142857142857,0.2777777777777778,3.5999999999999996,0.7,10.12,3.3
11,1,8.031746031746032,14.457142857142857,0.5555555555555556,1.7999999999999998,0.7,10.12,3.3
11,1.5,12.047619047619047,14.457142857142857,0.8333333333333333,1.2000000000000002,0.7,10.12,3.3
11,2,16.063492063492063,14.457142857142857,1.1111111111111112,0.8999999999999999,0.7,10.12,3.3
11,3,24.095238095238095,14.457142857142857,1.6666666666666665,0.6000000000000001,0.7,10.12,3.3
12,0.25,2.1904761904761902,15.77142857142857,0.1388888888888889,7.199999999999999,0.7,11.04,3.6
12,0.5,4.3809523809523805,15.77142857142857,0.2777777777777778,3.5999999999999996,0.7,11.04,3.6
12,1,8.761904761904761,15.77142857142857,0.5555555555555556,1.7999999999999998,0.7,11.04,3.6
12,1.5,13.14285714285714,15.77142857142857,0.8333333333333333,1.2000000000000002,0.7,11.04,3.6
12,2,17.523809523809522,15.77142857142857,1.1111111111111112,0.8999999999999999,0.7,11.04,3.6
12,3,26.28571428571428,15.77142857142857,1.6666666666666665,0.6000000000000001,0.7,11.04,3.6
13,0.25,2.3730158730158735,17.08571428571429,0.1388888888888889,7.199999999999999,0.7,11.96,3.9
13,0.5,4.746031746031747,17.08571428571429,0.2777777777777778,3.5999999999999996,0.7,11.96,3.9
13,1,9.492063492063494,17.08571428571429,0.5555555555555556,1.7999999999999998,0.7,11.96,3.9
13,1.5,14.238095238095239,17.08571428571429,0.8333333333333333,1.2000000000000002,0.7,11.96,3.9
13,2,18.984126984126988,17.08571428571429,1.1111111111111112,0.8999999999999999,0.7,11.96,3.9
13,3,28.476190476190478,17.08571428571429,1.6666666666666665,0.6000000000000001,0.7,11.96,3.9
14,0.25,2.555555555555556,18.400000000000002,0.1388888888888889,7.199999999999999,0.7,12.88,4.2
14,0.5,5.111111111111112,18.400000000000002,0.2777777777777778,3.5999999999999996,0.7,12.88,4.2
14,1,10.222222222222223,18.400000000000002,0.5555555555555556,1.7999999999999998,0.7,12.88,4.2
14,1.5,15.333333333333334,18.400000000000002,0.8333333333333333,1.2000000000000002,0.7,12.88,4.2
14,2,20.444444444444446,18.400000000000002,1.1111111111111112,0.8999999999999999,0.7,12.88,4.2
14,3,30.666666666666668,18.400000000000002,1.6666666666666665,0.6000000000000001,0.7,12.88,4.2
15,0.25,2.738095238095238,19.714285714285715,0.1388888888888889,7.199999999999999,0.7,13.8,4.5
15,0.5,5.476190476190476,19.714285714285715,0.2777777777777778,3.5999999999999996,0.7,13.8,4.5
15,1,10.952380952380953,19.714285714285715,0.5555555555555556,1.7999999999999998,0.7,13.8,4.5
15,1.5,16.428571428571427,19.714285714285715,0.8333333333333333,1.2000000000000002,0.7,13.8,4.5
15,2,21.904761904761905,19.714285714285715,1.1111111111111112,0.8999999999999999,0.7,13.8,4.5
15,3,32.857142857142854,19.714285714285715,1.6666666666666665,0.6000000000000001,0.7,13.8,4.5
16,0.25,2.9206349206349214,21.028571428571432,0.1388888888888889,7.199999999999999,0.7,14.72,4.8
16,0.5,5.841269841269843,21.028571428571432,0.2777777777777778,3.5999999999999996,0.7,14.72,4.8
16,1,11.682539682539685,21.028571428571432,0.5555555555555556,1.7999999999999998,0.7,14.72,4.8
16,1.5,17.523809523809526,21.028571428571432,0.8333333333333333,1.2000000000000002,0.7,14.72,4.8
16,2,23.36507936507937,21.028571428571432,1.1111111111111112,0.8999999999999999,0.7,14.72,4.8
16,3,35.04761904761905,21.028571428571432,1.6666666666666665,0.6000000000000001,0.7,14.72,4.8
17,0.25,3.1031746031746037,22.342857142857145,0.1388888888888889,7.199999999999999,0.7,15.64,5.1
17,0.5,6.206349206349207,22.342857142857145,0.2777777777777778,3.5999999999999996,0.7,15.64,5.1
17,1,12.412698412698415,22.342857142857145,0.5555555555555556,1.7999999999999998,0.7,15.64,5.1
17,1.5,18.61904761904762,22.342857142857145,0.8333333333333333,1.2000000000000002,0.7,15.64,5.1
17,2,24.82539682539683,22.342857142857145,1.1111111111111112,0.8999999999999999,0.7,15.64,5.1
17,3,37.23809523809524,22.342857142857145,1.6666666666666665,0.6000000000000001,0.7,15.64,5.1
18,0.25,3.285714285714286,23.65714285714286,0.1388888888888889,7.199999999999999,0.7,16.56,5.4
18,0.5,6.571428571428572,23.65714285714286,0.2777777777777778,3.5999999999999996,0.7,16.56,5.4
18,1,13.142857142857144,23.65714285714286,0.5555555555555556,1.7999999999999998,0.7,16.56,5.4
18,1.5,19.714285714285715,23.65714285714286,0.8333333333333333,1.2000000000000002,0.7,16.56,5.4
18,2,26.28571428571429,23.65714285714286,1.1111111111111112,0.8999999999999999,0.7,16.56,5.4
18,3,39.42857142857143,23.65714285714286,1.6666666666666665,0.6000000000000001,0.7,16.56,5.4
19,0.25,3.468253968253969,24.971428571428575,0.1388888888888889,7.199999999999999,0.7,17.48,5.7
19,0.5,6.936507936507938,24.971428571428575,0.2777777777777778,3.5999999999999996,0.7,17.48,5.7
19,1,13.873015873015875,24.971428571428575,0.5555555555555556,1.7999999999999998,0.7,17.48,5.7
19,1.5,20.80952380952381,24.971428571428575,0.8333333333333333,1.2000000000000002,0.7,17.48,5.7
19,2,27.74603174603175,24.971428571428575,1.1111111111111112,0.8999999999999999,0.7,17.48,5.7
19,3,41.61904761904762,24.971428571428575,1.6666666666666665,0.6000000000000001,0.7,17.48,5.7
20,0.25,3.6507936507936507,26.285714285714285,0.1388888888888889,7.199999999999999,0.7,18.4,6.0
20,0.5,7.301587301587301,26.285714285714285,0.2777777777777778,3.5999999999999996,0.7,18.4,6.0
20,1,14.603174603174603,26.285714285714285,0.5555555555555556,1.7999999999999998,0.7,18.4,6.0
20,1.5,21.9047619047619,26.285714285714285,0.8333333333333333,1.2000000000000002,0.7,18.4,6.0
20,2,29.206349206349206,26.285714285714285,1.1111111111111112,0.8999999999999999,0.7,18.4,6.0
20,3,43.8095238095238,26.285714285714285,1.6666666666666665,0.6000000000000001,0.7,18.4,6.0
21,0.25,3.8333333333333335,27.6,0.1388888888888889,7.199999999999999,0.7,19.32,6.3
21,0.5,7.666666666666667,27.6,0.2777777777777778,3.5999999999999996,0.7,19.32,6.3
21,1,15.333333333333334,27.6,0.5555555555555556,1.7999999999999998,0.7,19.32,6.3
21,1.5,23.0,27.6,0.8333333333333333,1.2000000000000002,0.7,19.32,6.3
21,2,30.666666666666668,27.6,1.1111111111111112,0.8999999999999999,0.7,19.32,6.3
21,3,46.0,27.6,1.6666666666666665,0.6000000000000001,0.7,19.32,6.3
22,0.25,4.015873015873016,28.914285714285715,0.1388888888888889,7.199999999999999,0.7,20.24,6.6
22,0.5,8.031746031746032,28.914285714285715,0.2777777777777778,3.5999999999999996,0.7,20.24,6.6
22,1,16.063492063492063,28.914285714285715,0.5555555555555556,1.7999999999999998,0.7,20.24,6.6
22,1.5,24.095238095238095,28.914285714285715,0.8333333333333333,1.2000000000000002,0.7,20.24,6.6
22,2,32.12698412698413,28.914285714285715,1.1111111111111112,0.8999999999999999,0.7,20.24,6.6
22,3,48.19047619047619,28.914285714285715,1.6666666666666665,0.6000000000000001,0.7,20.24,6.6
23,0.25,4.198412698412699,30.22857142857143,0.1388888888888889,7.199999999999999,0.7,21.16,6.9
23,0.5,8.396825396825397,30.22857142857143,0.2777777777777778,3.5999999999999996,0.7,21.16,6.9
23,1,16.793650793650794,30.22857142857143,0.5555555555555556,1.7999999999999998,0.7,21.16,6.9
23,1.5,25.19047619047619,30.22857142857143,0.8333333333333333,1.2000000000000002,0.7,21.16,6.9
23,2,33.58730158730159,30.22857142857143,1.1111111111111112,0.8999999999999999,0.7,21.16,6.9
23,3,50.38095238095238,30.22857142857143,1.6666666666666665,0.6000000000000001,0.7,21.16,6.9
24,0.25,4.3809523809523805,31.54285714285714,0.1388888888888889,7.199999999999999,0.7,22.08,7.2
24,0.5,8.761904761904761,31.54285714285714,0.2777777777777778,3.5999999999999996,0.7,22.08,7.2
24,1,17.523809523809522,31.54285714285714,0.5555555555555556,1.7999999999999998,0.7,22.08,7.2
24,1.5,26.28571428571428,31.54285714285714,0.8333333333333333,1.2000000000000002,0.7,22.08,7.2
24,2,35.047619047619044,31.54285714285714,1.1111111111111112,0.8999999999999999,0.7,22.08,7.2
24,3,52.57142857142856,31.54285714285714,1.6666666666666665,0.6000000000000001,0.7,22.08,7.2
25,0.25,4.563492063492064,32.85714285714286,0.1388888888888889,7.199999999999999,0.7,23.0,7.5
25,0.5,9.126984126984128,32.85714285714286,0.2777777777777778,3.5999999999999996,0.7,23.0,7.5
25,1,18.253968253968257,32.85714285714286,0.5555555555555556,1.7999999999999998,0.7,23.0,7.5
25,1.5,27.380952380952383,32.85714285714286,0.8333333333333333,1.2000000000000002,0.7,23.0,7.5
25,2,36.50793650793651,32.85714285714286,1.1111111111111112,0.8999999999999999,0.7,23.0,7.5
25,3,54.761904761904766,32.85714285714286,1.6666666666666665,0.6000000000000001,0.7,23.0,7.5
26,0.25,4.746031746031747,34.17142857142858,0.1388888888888889,7.199999999999999,0.7,23.92,7.8
26,0.5,9.492063492063494,34.17142857142858,0.2777777777777778,3.5999999999999996,0.7,23.92,7.8
26,1,18.984126984126988,34.17142857142858,0.5555555555555556,1.7999999999999998,0.7,23.92,7.8
26,1.5,28.476190476190478,34.17142857142858,0.8333333333333333,1.2000000000000002,0.7,23.92,7.8
26,2,37.968253968253975,34.17142857142858,1.1111111111111112,0.8999999999999999,0.7,23.92,7.8
26,3,56.952380952380956,34.17142857142858,1.6666666666666665,0.6000000000000001,0.7,23.92,7.8
27,0.25,4.928571428571429,35.48571428571429,0.1388888888888889,7.199999999999999,0.7,24.84,8.1
27,0.5,9.857142857142858,35.48571428571429,0.2777777777777778,3.5999999999999996,0.7,24.84,8.1
27,1,19.714285714285715,35.48571428571429,0.5555555555555556,1.7999999999999998,0.7,24.84,8.1
27,1.5,29.57142857142857,35.48571428571429,0.8333333333333333,1.2000000000000002,0.7,24.84,8.1
27,2,39.42857142857143,35.48571428571429,1.1111111111111112,0.8999999999999999,0.7,24.84,8.1
27,3,59.14285714285714,35.48571428571429,1.6666666666666665,0.6000000000000001,0.7,24.84,8.1
28,0.25,5.111111111111112,36.800000000000004,0.1388888888888889,7.199999999999999,0.7,25.76,8.4
28,0.5,10.222222222222223,36.800000000000004,0.2777777777777778,3.5999999999999996,0.7,25.76,8.4
28,1,20.444444444444446,36.800000000000004,0.5555555555555556,1.7999999999999998,0.7,25.76,8.4
28,1.5,30.666666666666668,36.800000000000004,0.8333333333333333,1.2000000000000002,0.7,25.76,8.4
28,2,40.88888888888889,36.800000000000004,1.1111111111111112,0.8999999999999999,0.7,25.76,8.4
28,3,61.333333333333336,36.800000000000004,1.6666666666666665,0.6000000000000001,0.7,25.76,8.4
29,0.25,5.2936507936507935,38.114285714285714,0.1388888888888889,7.199999999999999,0.7,26.68,8.7
29,0.5,10.587301587301587,38.114285714285714,0.2777777777777778,3.5999999999999996,0.7,26.68,8.7
29,1,21.174603174603174,38.114285714285714,0.5555555555555556,1.7999999999999998,0.7,26.68,8.7
29,1.5,31.76190476190476,38.114285714285714,0.8333333333333333,1.2000000000000002,0.7,26.68,8.7
29,2,42.34920634920635,38.114285714285714,1.1111111111111112,0.8999999999999999,0.7,26.68,8.7
29,3,63.52380952380952,38.114285714285714,1.6666666666666665,0.6000000000000001,0.7,26.68,8.7
30,0.25,5.476190476190476,39.42857142857143,0.1388888888888889,7.199999999999999,0.7,27.6,9.0
30,0.5,10.952380952380953,39.42857142857143,0.2777777777777778,3.5999999999999996,0.7,27.6,9.0
30,1,21.904761904761905,39.42857142857143,0.5555555555555556,1.7999999999999998,0.7,27.6,9.0
30,1.5,32.857142857142854,39.42857142857143,0.8333333333333333,1.2000000000000002,0.7,27.6,9.0
30,2,43.80952380952381,39.42857142857143,1.1111111111111112,0.8999999999999999,0.7,27.6,9.0
30,3,65.71428571428571,39.42857142857143,1.6666666666666665,0.6000000000000001,0.7,27.6,9.0
31,0.25,5.65873015873016,40.74285714285715,0.1388888888888889,7.199999999999999,0.7,28.52,9.3
31,0.5,11.31746031746032,40.74285714285715,0.2777777777777778,3.5999999999999996,0.7,28.52,9.3
31,1,22.63492063492064,40.74285714285715,0.5555555555555556,1.7999999999999998,0.7,28.52,9.3
31,1.5,33.952380952380956,40.74285714285715,0.8333333333333333,1.2000000000000002,0.7,28.52,9.3
31,2,45.26984126984128,40.74285714285715,1.1111111111111112,0.8999999999999999,0.7,28.52,9.3
31,3,67.90476190476191,40.74285714285715,1.6666666666666665,0.6000000000000001,0.7,28.52,9.3
32,0.25,5.841269841269843,42.057142857142864,0.1388888888888889,7.199999999999999,0.7,29.44,9.6
32,0.5,11.682539682539685,42.057142857142864,0.2777777777777778,3.5999999999999996,0.7,29.44,9.6
32,1,23.36507936507937,42.057142857142864,0.5555555555555556,1.7999999999999998,0.7,29.44,9.6
32,1.5,35.04761904761905,42.057142857142864,0.8333333333333333,1.2000000000000002,0.7,29.44,9.6
32,2,46.73015873015874,42.057142857142864,1.1111111111111112,0.8999999999999999,0.7,29.44,9.6
32,3,70.0952380952381,42.057142857142864,1.6666666666666665,0.6000000000000001,0.7,29.44,9.6
33,0.25,6.023809523809525,43.371428571428574,0.1388888888888889,7.199999999999999,0.7,30.36,9.9
33,0.5,12.04761904761905,43.371428571428574,0.2777777777777778,3.5999999999999996,0.7,30.36,9.9
33,1,24.0952380952381,43.371428571428574,0.5555555555555556,1.7999999999999998,0.7,30.36,9.9
33,1.5,36.14285714285714,43.371428571428574,0.8333333333333333,1.2000000000000002,0.7,30.36,9.9
33,2,48.1904761904762,43.371428571428574,1.1111111111111112,0.8999999999999999,0.7,30.36,9.9
33,3,72.28571428571428,43.371428571428574,1.6666666666666665,0.6000000000000001,0.7,30.36,9.9
34,0.25,6.206349206349207,44.68571428571429,0.1388888888888889,7.199999999999999,0.7,31.28,10.2
34,0.5,12.412698412698415,44.68571428571429,0.2777777777777778,3.5999999999999996,0.7,31.28,10.2
34,1,24.82539682539683,44.68571428571429,0.5555555555555556,1.7999999999999998,0.7,31.28,10.2
34,1.5,37.23809523809524,44.68571428571429,0.8333333333333333,1.2000000000000002,0.7,31.28,10.2
34,2,49.65079365079366,44.68571428571429,1.1111111111111112,0.8999999999999999,0.7,31.28,10.2
34,3,74.47619047619048,44.68571428571429,1.6666666666666665,0.6000000000000001,0.7,31.28,10.2
35,0.25,6.38888888888889,46.00000000000001,0.1388888888888889,7.199999999999999,0.7,32.2,10.5
35,0.5,12.77777777777778,46.00000000000001,0.2777777777777778,3.5999999999999996,0.7,32.2,10.5
35,1,25.55555555555556,46.00000000000001,0.5555555555555556,1.7999999999999998,0.7,32.2,10.5
35,1.5,38.333333333333336,46.00000000000001,0.8333333333333333,1.2000000000000002,0.7,32.2,10.5
35,2,51.11111111111112,46.00000000000001,1.1111111111111112,0.8999999999999999,0.7,32.2,10.5
35,3,76.66666666666667,46.00000000000001,1.6666666666666665,0.6000000000000001,0.7,32.2,10.5
36,0.25,6.571428571428572,47.31428571428572,0.1388888888888889,7.199999999999999,0.7,33.12,10.8
36,0.5,13.142857142857144,47.31428571428572,0.2777777777777778,3.5999999999999996,0.7,33.12,10.8
36,1,26.28571428571429,47.31428571428572,0.5555555555555556,1.7999999999999998,0.7,33.12,10.8
36,1.5,39.42857142857143,47.31428571428572,0.8333333333333333,1.2000000000000002,0.7,33.12,10.8
36,2,52.57142857142858,47.31428571428572,1.1111111111111112,0.8999999999999999,0.7,33.12,10.8
36,3,78.85714285714286,47.31428571428572,1.6666666666666665,0.6000000000000001,0.7,33.12,10.8
37,0.25,6.753968253968255,48.62857142857143,0.1388888888888889,7.199999999999999,0.7,34.04,11.1
37,0.5,13.50793650793651,48.62857142857143,0.2777777777777778,3.5999999999999996,0.7,34.04,11.1
37,1,27.01587301587302,48.62857142857143,0.5555555555555556,1.7999999999999998,0.7,34.04,11.1
37,1.5,40.523809523809526,48.62857142857143,0.8333333333333333,1.2000000000000002,0.7,34.04,11.1
37,2,54.03174603174604,48.62857142857143,1.1111111111111112,0.8999999999999999,0.7,34.04,11.1
37,3,81.04761904761905,48.62857142857143,1.6666666666666665,0.6000000000000001,0.7,34.04,11.1
38,0.25,6.936507936507938,49.94285714285715,0.1388888888888889,7.199999999999999,0.7,34.96,11.4
38,0.5,13.873015873015875,49.94285714285715,0.2777777777777778,3.5999999999999996,0.7,34.96,11.4
38,1,27.74603174603175,49.94285714285715,0.5555555555555556,1.7999999999999998,0.7,34.96,11.4
38,1.5,41.61904761904762,49.94285714285715,0.8333333333333333,1.2000000000000002,0.7,34.96,11.4
38,2,55.4920634920635,49.94285714285715,1.1111111111111112,0.8999999999999999,0.7,34.96,11.4
38,3,83.23809523809524,49.94285714285715,1.6666666666666665,0.6000000000000001,0.7,34.96,11.4
39,0.25,7.11904761904762,51.25714285714287,0.1388888888888889,7.199999999999999,0.7,35.88,11.7
39,0.5,14.23809523809524,51.25714285714287,0.2777777777777778,3.5999999999999996,0.7,35.88,11.7
39,1,28.47619047619048,51.25714285714287,0.5555555555555556,1.7999999999999998,0.7,35.88,11.7
39,1.5,42.714285714285715,51.25714285714287,0.8333333333333333,1.2000000000000002,0.7,35.88,11.7
39,2,56.95238095238096,51.25714285714287,1.1111111111111112,0.8999999999999999,0.7,35.88,11.7
39,3,85.42857142857143,51.25714285714287,1.6666666666666665,0.6000000000000001,0.7,35.88,11.7
40,0.25,7.301587301587301,52.57142857142857,0.1388888888888889,7.199999999999999,0.7,36.8,12.0
40,0.5,14.603174603174603,52.57142857142857,0.2777777777777778,3.5999999999999996,0.7,36.8,12.0
40,1,29.206349206349206,52.57142857142857,0.5555555555555556,1.7999999999999998,0.7,36.8,12.0
40,1.5,43.8095238095238,52.57142857142857,0.8333333333333333,1.2000000000000002,0.7,36.8,12.0
40,2,58.41269841269841,52.57142857142857,1.1111111111111112,0.8999999999999999,0.7,36.8,12.0
40,3,87.6190476190476,52.57142857142857,1.6666666666666665,0.6000000000000001,0.7,36.8,12.0
41,0.25,7.484126984126984,53.885714285714286,0.1388888888888889,7.199999999999999,0.7,37.72,12.3
41,0.5,14.968253968253968,53.885714285714286,0.2777777777777778,3.5999999999999996,0.7,37.72,12.3
41,1,29.936507936507937,53.885714285714286,0.5555555555555556,1.7999999999999998,0.7,37.72,12.3
41,1.5,44.9047619047619,53.885714285714286,0.8333333333333333,1.2000000000000002,0.7,37.72,12.3
41,2,59.87301587301587,53.885714285714286,1.1111111111111112,0.8999999999999999,0.7,37.72,12.3
41,3,89.8095238095238,53.885714285714286,1.6666666666666665,0.6000000000000001,0.7,37.72,12.3
42,0.25,7.666666666666667,55.2,0.1388888888888889,7.199999999999999,0.7,38.64,12.6
42,0.5,15.333333333333334,55.2,0.2777777777777778,3.5999999999999996,0.7,38.64,12.6
42,1,30.666666666666668,55.2,0.5555555555555556,1.7999999999999998,0.7,38.64,12.6
42,1.5,46.0,55.2,0.8333333333333333,1.2000000000000002,0.7,38.64,12.6
42,2,61.333333333333336,55.2,1.1111111111111112,0.8999999999999999,0.7,38.64,12.6
42,3,92.0,55.2,1.6666666666666665,0.6000000000000001,0.7,38.64,12.6
43,0.25,7.849206349206351,56.51428571428572,0.1388888888888889,7.199999999999999,0.7,39.56,12.9
43,0.5,15.698412698412701,56.51428571428572,0.2777777777777778,3.5999999999999996,0.7,39.56,12.9
43,1,31.396825396825403,56.51428571428572,0.5555555555555556,1.7999999999999998,0.7,39.56,12.9
43,1.5,47.095238095238095,56.51428571428572,0.8333333333333333,1.2000000000000002,0.7,39.56,12.9
43,2,62.793650793650805,56.51428571428572,1.1111111111111112,0.8999999999999999,0.7,39.56,12.9
43,3,94.19047619047619,56.51428571428572,1.6666666666666665,0.6000000000000001,0.7,39.56,12.9
44,0.25,8.031746031746032,57.82857142857143,0.1388888888888889,7.199999999999999,0.7,40.48,13.2
44,0.5,16.063492063492063,57.82857142857143,0.2777777777777778,3.5999999999999996,0.7,40.48,13.2
44,1,32.12698412698413,57.82857142857143,0.5555555555555556,1.7999999999999998,0.7,40.48,13.2
44,1.5,48.19047619047619,57.82857142857143,0.8333333333333333,1.2000000000000002,0.7,40.48,13.2
44,2,64.25396825396825,57.82857142857143,1.1111111111111112,0.8999999999999999,0.7,40.48,13.2
44,3,96.38095238095238,57.82857142857143,1.6666666666666665,0.6000000000000001,0.7,40.48,13.2
45,0.25,8.214285714285715,59.142857142857146,0.1388888888888889,7.199999999999999,0.7,41.4,13.5
45,0.5,16.42857142857143,59.142857142857146,0.2777777777777778,3.5999999999999996,0.7,41.4,13.5
45,1,32.85714285714286,59.142857142857146,0.5555555555555556,1.7999999999999998,0.7,41.4,13.5
45,1.5,49.285714285714285,59.142857142857146,0.8333333333333333,1.2000000000000002,0.7,41.4,13.5
45,2,65.71428571428572,59.142857142857146,1.1111111111111112,0.8999999999999999,0.7,41.4,13.5
45,3,98.57142857142857,59.142857142857146,1.6666666666666665,0.6000000000000001,0.7,41.4,13.5
46,0.25,8.396825396825397,60.45714285714286,0.1388888888888889,7.199999999999999,0.7,42.32,13.8
46,0.5,16.793650793650794,60.45714285714286,0.2777777777777778,3.5999999999999996,0.7,42.32,13.8
46,1,33.58730158730159,60.45714285714286,0.5555555555555556,1.7999999999999998,0.7,42.32,13.8
46,1.5,50.38095238095238,60.45714285714286,0.8333333333333333,1.2000000000000002,0.7,42.32,13.8
46,2,67.17460317460318,60.45714285714286,1.1111111111111112,0.8999999999999999,0.7,42.32,13.8
46,3,100.76190476190476,60.45714285714286,1.6666666666666665,0.6000000000000001,0.7,42.32,13.8
47,0.25,8.57936507936508,61.77142857142858,0.1388888888888889,7.199999999999999,0.7,43.24,14.1
47,0.5,17.15873015873016,61.77142857142858,0.2777777777777778,3.5999999999999996,0.7,43.24,14.1
47,1,34.31746031746032,61.77142857142858,0.5555555555555556,1.7999999999999998,0.7,43.24,14.1
47,1.5,51.47619047619048,61.77142857142858,0.8333333333333333,1.2000000000000002,0.7,43.24,14.1
47,2,68.63492063492065,61.77142857142858,1.1111111111111112,0.8999999999999999,0.7,43.24,14.1
47,3,102.95238095238096,61.77142857142858,1.6666666666666665,0.6000000000000001,0.7,43.24,14.1
48,0.25,8.761904761904761,63.08571428571428,0.1388888888888889,7.199999999999999,0.7,44.16,14.4
48,0.5,17.523809523809522,63.08571428571428,0.2777777777777778,3.5999999999999996,0.7,44.16,14.4
48,1,35.047619047619044,63.08571428571428,0.5555555555555556,1.7999999999999998,0.7,44.16,14.4
48,1.5,52.57142857142856,63.08571428571428,0.8333333333333333,1.2000000000000002,0.7,44.16,14.4
48,2,70.09523809523809,63.08571428571428,1.1111111111111112,0.8999999999999999,0.7,44.16,14.4
48,3,105.14285714285712,63.08571428571428,1.6666666666666665,0.6000000000000001,0.7,44.16,14.4
49,0.25,8.944444444444446,64.4,0.1388888888888889,7.199999999999999,0.7,45.08,14.7
49,0.5,17.888888888888893,64.4,0.2777777777777778,3.5999999999999996,0.7,45.08,14.7
49,1,35.777777777777786,64.4,0.5555555555555556,1.7999999999999998,0.7,45.08,14.7
49,1.5,53.666666666666664,64.4,0.8333333333333333,1.2000000000000002,0.7,45.08,14.7
49,2,71.55555555555557,64.4,1.1111111111111112,0.8999999999999999,0.7,45.08,14.7
49,3,107.33333333333333,64.4,1.6666666666666665,0.6000000000000001,0.7,45.08,14.7
50,0.25,9.126984126984128,65.71428571428572,0.1388888888888889,7.199999999999999,0.7,46.0,15.0
50,0.5,18.253968253968257,65.71428571428572,0.2777777777777778,3.5999999999999996,0.7,46.0,15.0
50,1,36.50793650793651,65.71428571428572,0.5555555555555556,1.7999999999999998,0.7,46.0,15.0
50,1.5,54.761904761904766,65.71428571428572,0.8333333333333333,1.2000000000000002,0.7,46.0,15.0
50,2,73.01587301587303,65.71428571428572,1.1111111111111112,0.8999999999999999,0.7,46.0,15.0
50,3,109.52380952380953,65.71428571428572,1.6666666666666665,0.6000000000000001,0.7,46.0,15.0
51,0.25,9.309523809523812,67.02857142857144,0.1388888888888889,7.199999999999999,0.7,46.92,15.3
51,0.5,18.619047619047624,67.02857142857144,0.2777777777777778,3.5999999999999996,0.7,46.92,15.3
51,1,37.23809523809525,67.02857142857144,0.5555555555555556,1.7999999999999998,0.7,46.92,15.3
51,1.5,55.85714285714286,67.02857142857144,0.8333333333333333,1.2000000000000002,0.7,46.92,15.3
51,2,74.4761904761905,67.02857142857144,1.1111111111111112,0.8999999999999999,0.7,46.92,15.3
51,3,111.71428571428572,67.02857142857144,1.6666666666666665,0.6000000000000001,0.7,46.92,15.3
52,0.25,9.492063492063494,68.34285714285716,0.1388888888888889,7.199999999999999,0.7,47.84,15.6
52,0.5,18.984126984126988,68.34285714285716,0.2777777777777778,3.5999999999999996,0.7,47.84,15.6
52,1,37.968253968253975,68.34285714285716,0.5555555555555556,1.7999999999999998,0.7,47.84,15.6
52,1.5,56.952380952380956,68.34285714285716,0.8333333333333333,1.2000000000000002,0.7,47.84,15.6
52,2,75.93650793650795,68.34285714285716,1.1111111111111112,0.8999999999999999,0.7,47.84,15.6
52,3,113.90476190476191,68.34285714285716,1.6666666666666665,0.6000000000000001,0.7,47.84,15.6
53,0.25,9.674603174603176,69.65714285714286,0.1388888888888889,7.199999999999999,0.7,48.76,15.9
53,0.5,19.34920634920635,69.65714285714286,0.2777777777777778,3.5999999999999996,0.7,48.76,15.9
53,1,38.6984126984127,69.65714285714286,0.5555555555555556,1.7999999999999998,0.7,48.76,15.9
53,1.5,58.047619047619044,69.65714285714286,0.8333333333333333,1.2000000000000002,0.7,48.76,15.9
53,2,77.3968253968254,69.65714285714286,1.1111111111111112,0.8999999999999999,0.7,48.76,15.9
53,3,116.09523809523809,69.65714285714286,1.6666666666666665,0.6000000000000001,0.7,48.76,15.9
54,0.25,9.857142857142858,70.97142857142858,0.1388888888888889,7.199999999999999,0.7,49.68,16.2
54,0.5,19.714285714285715,70.97142857142858,0.2777777777777778,3.5999999999999996,0.7,49.68,16.2
54,1,39.42857142857143,70.97142857142858,0.5555555555555556,1.7999999999999998,0.7,49.68,16.2
54,1.5,59.14285714285714,70.97142857142858,0.8333333333333333,1.2000000000000002,0.7,49.68,16.2
54,2,78.85714285714286,70.97142857142858,1.1111111111111112,0.8999999999999999,0.7,49.68,16.2
54,3,118.28571428571428,70.97142857142858,1.6666666666666665,0.6000000000000001,0.7,49.68,16.2
55,0.25,10.039682539682541,72.28571428571429,0.1388888888888889,7.199999999999999,0.7,50.6,16.5
55,0.5,20.079365079365083,72.28571428571429,0.2777777777777778,3.5999999999999996,0.7,50.6,16.5
55,1,40.158730158730165,72.28571428571429,0.5555555555555556,1.7999999999999998,0.7,50.6,16.5
55,1.5,60.23809523809524,72.28571428571429,0.8333333333333333,1.2000000000000002,0.7,50.6,16.5
55,2,80.31746031746033,72.28571428571429,1.1111111111111112,0.8999999999999999,0.7,50.6,16.5
55,3,120.47619047619048,72.28571428571429,1.6666666666666665,0.6000000000000001,0.7,50.6,16.5
56,0.25,10.222222222222223,73.60000000000001,0.1388888888888889,7.199999999999999,0.7,51.52,16.8
56,0.5,20.444444444444446,73.60000000000001,0.2777777777777778,3.5999999999999996,0.7,51.52,16.8
56,1,40.88888888888889,73.60000000000001,0.5555555555555556,1.7999999999999998,0.7,51.52,16.8
56,1.5,61.333333333333336,73.60000000000001,0.8333333333333333,1.2000000000000002,0.7,51.52,16.8
56,2,81.77777777777779,73.60000000000001,1.1111111111111112,0.8999999999999999,0.7,51.52,16.8
56,3,122.66666666666667,73.60000000000001,1.6666666666666665,0.6000000000000001,0.7,51.52,16.8
57,0.25,10.404761904761905,74.91428571428571,0.1388888888888889,7.199999999999999,0.7,52.44,17.1
57,0.5,20.80952380952381,74.91428571428571,0.2777777777777778,3.5999999999999996,0.7,52.44,17.1
57,1,41.61904761904762,74.91428571428571,0.5555555555555556,1.7999999999999998,0.7,52.44,17.1
57,1.5,62.42857142857142,74.91428571428571,0.8333333333333333,1.2000000000000002,0.7,52.44,17.1
57,2,83.23809523809524,74.91428571428571,1.1111111111111112,0.8999999999999999,0.7,52.44,17.1
57,3,124.85714285714285,74.91428571428571,1.6666666666666665,0.6000000000000001,0.7,52.44,17.1
58,0.25,10.587301587301587,76.22857142857143,0.1388888888888889,7.199999999999999,0.7,53.36,17.4
58,0.5,21.174603174603174,76.22857142857143,0.2777777777777778,3.5999999999999996,0.7,53.36,17.4
58,1,42.34920634920635,76.22857142857143,0.5555555555555556,1.7999999999999998,0.7,53.36,17.4
58,1.5,63.52380952380952,76.22857142857143,0.8333333333333333,1.2000000000000002,0.7,53.36,17.4
58,2,84.6984126984127,76.22857142857143,1.1111111111111112,0.8999999999999999,0.7,53.36,17.4
58,3,127.04761904761904,76.22857142857143,1.6666666666666665,0.6000000000000001,0.7,53.36,17.4
59,0.25,10.76984126984127,77.54285714285714,0.1388888888888889,7.199999999999999,0.7,54.28,17.7
59,0.5,21.53968253968254,77.54285714285714,0.2777777777777778,3.5999999999999996,0.7,54.28,17.7
59,1,43.07936507936508,77.54285714285714,0.5555555555555556,1.7999999999999998,0.7,54.28,17.7
59,1.5,64.61904761904762,77.54285714285714,0.8333333333333333,1.2000000000000002,0.7,54.28,17.7
59,2,86.15873015873017,77.54285714285714,1.1111111111111112,0.8999999999999999,0.7,54.28,17.7
59,3,129.23809523809524,77.54285714285714,1.6666666666666665,0.6000000000000001,0.7,54.28,17.7
60,0.25,10.952380952380953,78.85714285714286,0.1388888888888889,7.199999999999999,0.7,55.2,18.0
60,0.5,21.904761904761905,78.85714285714286,0.2777777777777778,3.5999999999999996,0.7,55.2,18.0
60,1,43.80952380952381,78.85714285714286,0.5555555555555556,1.7999999999999998,0.7,55.2,18.0
60,1.5,65.71428571428571,78.85714285714286,0.8333333333333333,1.2000000000000002,0.7,55.2,18.0
60,2,87.61904761904762,78.85714285714286,1.1111111111111112,0.8999999999999999,0.7,55.2,18.0
60,3,131.42857142857142,78.85714285714286,1.6666666666666665,0.6000000000000001,0.7,55.2,18.0
61,0.25,11.134920634920636,80.17142857142858,0.1388888888888889,7.199999999999999,0.7,56.12,18.3
61,0.5,22.269841269841272,80.17142857142858,0.2777777777777778,3.5999999999999996,0.7,56.12,18.3
61,1,44.539682539682545,80.17142857142858,0.5555555555555556,1.7999999999999998,0.7,56.12,18.3
61,1.5,66.80952380952381,80.17142857142858,0.8333333333333333,1.2000000000000002,0.7,56.12,18.3
61,2,89.07936507936509,80.17142857142858,1.1111111111111112,0.8999999999999999,0.7,56.12,18.3
61,3,133.61904761904762,80.17142857142858,1.6666666666666665,0.6000000000000001,0.7,56.12,18.3
62,0.25,11.31746031746032,81.4857142857143,0.1388888888888889,7.199999999999999,0.7,57.04,18.6
62,0.5,22.63492063492064,81.4857142857143,0.2777777777777778,3.5999999999999996,0.7,57.04,18.6
62,1,45.26984126984128,81.4857142857143,0.5555555555555556,1.7999999999999998,0.7,57.04,18.6
62,1.5,67.90476190476191,81.4857142857143,0.8333333333333333,1.2000000000000002,0.7,57.04,18.6
62,2,90.53968253968256,81.4857142857143,1.1111111111111112,0.8999999999999999,0.7,57.04,18.6
62,3,135.80952380952382,81.4857142857143,1.6666666666666665,0.6000000000000001,0.7,57.04,18.6
63,0.25,11.500000000000002,82.80000000000001,0.1388888888888889,7.199999999999999,0.7,57.96,18.9
63,0.5,23.000000000000004,82.80000000000001,0.2777777777777778,3.5999999999999996,0.7,57.96,18.9
63,1,46.00000000000001,82.80000000000001,0.5555555555555556,1.7999999999999998,0.7,57.96,18.9
63,1.5,69.0,82.80000000000001,0.8333333333333333,1.2000000000000002,0.7,57.96,18.9
63,2,92.00000000000001,82.80000000000001,1.1111111111111112,0.8999999999999999,0.7,57.96,18.9
63,3,138.0,82.80000000000001,1.6666666666666665,0.6000000000000001,0.7,57.96,18.9
64,0.25,11.682539682539685,84.11428571428573,0.1388888888888889,7.199999999999999,0.7,58.88,19.2
64,0.5,23.36507936507937,84.11428571428573,0.2777777777777778,3.5999999999999996,0.7,58.88,19.2
64,1,46.73015873015874,84.11428571428573,0.5555555555555556,1.7999999999999998,0.7,58.88,19.2
64,1.5,70.0952380952381,84.11428571428573,0.8333333333333333,1.2000000000000002,0.7,58.88,19.2
64,2,93.46031746031748,84.11428571428573,1.1111111111111112,0.8999999999999999,0.7,58.88,19.2
64,3,140.1904761904762,84.11428571428573,1.6666666666666665,0.6000000000000001,0.7,58.88,19.2
65,0.25,11.865079365079366,85.42857142857143,0.1388888888888889,7.199999999999999,0.7,59.8,19.5
65,0.5,23.73015873015873,85.42857142857143,0.2777777777777778,3.5999999999999996,0.7,59.8,19.5
65,1,47.46031746031746,85.42857142857143,0.5555555555555556,1.7999999999999998,0.7,59.8,19.5
65,1.5,71.19047619047619,85.42857142857143,0.8333333333333333,1.2000000000000002,0.7,59.8,19.5
65,2,94.92063492063492,85.42857142857143,1.1111111111111112,0.8999999999999999,0.7,59.8,19.5
65,3,142.38095238095238,85.42857142857143,1.6666666666666665,0.6000000000000001,0.7,59.8,19.5
66,0.25,12.04761904761905,86.74285714285715,0.1388888888888889,7.199999999999999,0.7,60.72,19.8
66,0.5,24.0952380952381,86.74285714285715,0.2777777777777778,3.5999999999999996,0.7,60.72,19.8
66,1,48.1904761904762,86.74285714285715,0.5555555555555556,1.7999999999999998,0.7,60.72,19.8
66,1.5,72.28571428571428,86.74285714285715,0.8333333333333333,1.2000000000000002,0.7,60.72,19.8
66,2,96.3809523809524,86.74285714285715,1.1111111111111112,0.8999999999999999,0.7,60.72,19.8
66,3,144.57142857142856,86.74285714285715,1.6666666666666665,0.6000000000000001,0.7,60.72,19.8
67,0.25,12.230158730158731,88.05714285714286,0.1388888888888889,7.199999999999999,0.7,61.64,20.1
67,0.5,24.460317460317462,88.05714285714286,0.2777777777777778,3.5999999999999996,0.7,61.64,20.1
67,1,48.920634920634924,88.05714285714286,0.5555555555555556,1.7999999999999998,0.7,61.64,20.1
67,1.5,73.38095238095238,88.05714285714286,0.8333333333333333,1.2000000000000002,0.7,61.64,20.1
67,2,97.84126984126985,88.05714285714286,1.1111111111111112,0.8999999999999999,0.7,61.64,20.1
67,3,146.76190476190476,88.05714285714286,1.6666666666666665,0.6000000000000001,0.7,61.64,20.1
68,0.25,12.412698412698415,89.37142857142858,0.1388888888888889,7.199999999999999,0.7,62.56,20.4
68,0.5,24.82539682539683,89.37142857142858,0.2777777777777778,3.5999999999999996,0.7,62.56,20.4
68,1,49.65079365079366,89.37142857142858,0.5555555555555556,1.7999999999999998,0.7,62.56,20.4
68,1.5,74.47619047619048,89.37142857142858,0.8333333333333333,1.2000000000000002,0.7,62.56,20.4
68,2,99.30158730158732,89.37142857142858,1.1111111111111112,0.8999999999999999,0.7,62.56,20.4
68,3,148.95238095238096,89.37142857142858,1.6666666666666665,0.6000000000000001,0.7,62.56,20.4
69,0.25,12.595238095238095,90.68571428571428,0.1388888888888889,7.199999999999999,0.7,63.48,20.7
69,0.5,25.19047619047619,90.68571428571428,0.2777777777777778,3.5999999999999996,0.7,63.48,20.7
69,1,50.38095238095238,90.68571428571428,0.5555555555555556,1.7999999999999998,0.7,63.48,20.7
69,1.5,75.57142857142857,90.68571428571428,0.8333333333333333,1.2000000000000002,0.7,63.48,20.7
69,2,100.76190476190476,90.68571428571428,1.1111111111111112,0.8999999999999999,0.7,63.48,20.7
69,3,151.14285714285714,90.68571428571428,1.6666666666666665,0.6000000000000001,0.7,63.48,20.7
70,0.25,12.77777777777778,92.00000000000001,0.1388888888888889,7.199999999999999,0.7,64.4,21.0
70,0.5,25.55555555555556,92.00000000000001,0.2777777777777778,3.5999999999999996,0.7,64.4,21.0
70,1,51.11111111111112,92.00000000000001,0.5555555555555556,1.7999999999999998,0.7,64.4,21.0
70,1.5,76.66666666666667,92.00000000000001,0.8333333333333333,1.2000000000000002,0.7,64.4,21.0
70,2,102.22222222222224,92.00000000000001,1.1111111111111112,0.8999999999999999,0.7,64.4,21.0
70,3,153.33333333333334,92.00000000000001,1.6666666666666665,0.6000000000000001,0.7,64.4,21.0
71,0.25,12.96031746031746,93.31428571428572,0.1388888888888889,7.199999999999999,0.7,65.32,21.3
71,0.5,25.92063492063492,93.31428571428572,0.2777777777777778,3.5999999999999996,0.7,65.32,21.3
71,1,51.84126984126984,93.31428571428572,0.5555555555555556,1.7999999999999998,0.7,65.32,21.3
71,1.5,77.76190476190476,93.31428571428572,0.8333333333333333,1.2000000000000002,0.7,65.32,21.3
71,2,103.68253968253968,93.31428571428572,1.1111111111111112,0.8999999999999999,0.7,65.32,21.3
71,3,155.52380952380952,93.31428571428572,1.6666666666666665,0.6000000000000001,0.7,65.32,21.3
72,0.25,13.142857142857144,94.62857142857143,0.1388888888888889,7.199999999999999,0.7,66.24,21.6
72,0.5,26.28571428571429,94.62857142857143,0.2777777777777778,3.5999999999999996,0.7,66.24,21.6
72,1,52.57142857142858,94.62857142857143,0.5555555555555556,1.7999999999999998,0.7,66.24,21.6
72,1.5,78.85714285714286,94.62857142857143,0.8333333333333333,1.2000000000000002,0.7,66.24,21.6
72,2,105.14285714285715,94.62857142857143,1.1111111111111112,0.8999999999999999,0.7,66.24,21.6
72,3,157.71428571428572,94.62857142857143,1.6666666666666665,0.6000000000000001,0.7,66.24,21.6
73,0.25,13.325396825396828,95.94285714285715,0.1388888888888889,7.199999999999999,0.7,67.16,21.9
73,0.5,26.650793650793656,95.94285714285715,0.2777777777777778,3.5999999999999996,0.7,67.16,21.9
73,1,53.30158730158731,95.94285714285715,0.5555555555555556,1.7999999999999998,0.7,67.16,21.9
73,1.5,79.95238095238095,95.94285714285715,0.8333333333333333,1.2000000000000002,0.7,67.16,21.9
73,2,106.60317460317462,95.94285714285715,1.1111111111111112,0.8999999999999999,0.7,67.16,21.9
73,3,159.9047619047619,95.94285714285715,1.6666666666666665,0.6000000000000001,0.7,67.16,21.9
74,0.25,13.50793650793651,97.25714285714287,0.1388888888888889,7.199999999999999,0.7,68.08,22.2
74,0.5,27.01587301587302,97.25714285714287,0.2777777777777778,3.5999999999999996,0.7,68.08,22.2
74,1,54.03174603174604,97.25714285714287,0.5555555555555556,1.7999999999999998,0.7,68.08,22.2
74,1.5,81.04761904761905,97.25714285714287,0.8333333333333333,1.2000000000000002,0.7,68.08,22.2
74,2,108.06349206349208,97.25714285714287,1.1111111111111112,0.8999999999999999,0.7,68.08,22.2
74,3,162.0952380952381,97.25714285714287,1.6666666666666665,0.6000000000000001,0.7,68.08,22.2
75,0.25,13.690476190476193,98.57142857142858,0.1388888888888889,7.199999999999999,0.7,69.0,22.5
75,0.5,27.380952380952387,98.57142857142858,0.2777777777777778,3.5999999999999996,0.7,69.0,22.5
75,1,54.76190476190477,98.57142857142858,0.5555555555555556,1.7999999999999998,0.7,69.0,22.5
75,1.5,82.14285714285714,98.57142857142858,0.8333333333333333,1.2000000000000002,0.7,69.0,22.5
75,2,109.52380952380955,98.57142857142858,1.1111111111111112,0.8999999999999999,0.7,69.0,22.5
75,3,164.28571428571428,98.57142857142858,1.6666666666666665,0.6000000000000001,0.7,69.0,22.5
76,0.25,13.873015873015875,99.8857142857143,0.1388888888888889,7.199999999999999,0.7,69.92,22.8
76,0.5,27.74603174603175,99.8857142857143,0.2777777777777778,3.5999999999999996,0.7,69.92,22.8
76,1,55.4920634920635,99.8857142857143,0.5555555555555556,1.7999999999999998,0.7,69.92,22.8
76,1.5,83.23809523809524,99.8857142857143,0.8333333333333333,1.2000000000000002,0.7,69.92,22.8
76,2,110.984126984127,99.8857142857143,1.1111111111111112,0.8999999999999999,0.7,69.92,22.8
76,3,166.47619047619048,99.8857142857143,1.6666666666666665,0.6000000000000001,0.7,69.92,22.8
77,0.25,14.055555555555559,101.20000000000002,0.1388888888888889,7.199999999999999,0.7,70.84,23.1
77,0.5,28.111111111111118,101.20000000000002,0.2777777777777778,3.5999999999999996,0.7,70.84,23.1
77,1,56.222222222222236,101.20000000000002,0.5555555555555556,1.7999999999999998,0.7,70.84,23.1
77,1.5,84.33333333333334,101.20000000000002,0.8333333333333333,1.2000000000000002,0.7,70.84,23.1
77,2,112.44444444444447,101.20000000000002,1.1111111111111112,0.8999999999999999,0.7,70.84,23.1
77,3,168.66666666666669,101.20000000000002,1.6666666666666665,0.6000000000000001,0.7,70.84,23.1
78,0.25,14.23809523809524,102.51428571428573,0.1388888888888889,7.199999999999999,0.7,71.76,23.4
78,0.5,28.47619047619048,102.51428571428573,0.2777777777777778,3.5999999999999996,0.7,71.76,23.4
78,1,56.95238095238096,102.51428571428573,0.5555555555555556,1.7999999999999998,0.7,71.76,23.4
78,1.5,85.42857142857143,102.51428571428573,0.8333333333333333,1.2000000000000002,0.7,71.76,23.4
78,2,113.90476190476193,102.51428571428573,1.1111111111111112,0.8999999999999999,0.7,71.76,23.4
78,3,170.85714285714286,102.51428571428573,1.6666666666666665,0.6000000000000001,0.7,71.76,23.4
79,0.25,14.420634920634924,103.82857142857145,0.1388888888888889,7.199999999999999,0.7,72.68,23.7
79,0.5,28.84126984126985,103.82857142857145,0.2777777777777778,3.5999999999999996,0.7,72.68,23.7
79,1,57.6825396825397,103.82857142857145,0.5555555555555556,1.7999999999999998,0.7,72.68,23.7
79,1.5,86.52380952380953,103.82857142857145,0.8333333333333333,1.2000000000000002,0.7,72.68,23.7
79,2,115.3650793650794,103.82857142857145,1.1111111111111112,0.8999999999999999,0.7,72.68,23.7
79,3,173.04761904761907,103.82857142857145,1.6666666666666665,0.6000000000000001,0.7,72.68,23.7
80,0.25,14.603174603174603,105.14285714285714,0.1388888888888889,7.199999999999999,0.7,73.6,24.0
80,0.5,29.206349206349206,105.14285714285714,0.2777777777777778,3.5999999999999996,0.7,73.6,24.0
80,1,58.41269841269841,105.14285714285714,0.5555555555555556,1.7999999999999998,0.7,73.6,24.0
80,1.5,87.6190476190476,105.14285714285714,0.8333333333333333,1.2000000000000002,0.7,73.6,24.0
80,2,116.82539682539682,105.14285714285714,1.1111111111111112,0.8999999999999999,0.7,73.6,24.0
80,3,175.2380952380952,105.14285714285714,1.6666666666666665,0.6000000000000001,0.7,73.6,24.0
81,0.25,14.785714285714286,106.45714285714286,0.1388888888888889,7.199999999999999,0.7,74.52,24.3
81,0.5,29.571428571428573,106.45714285714286,0.2777777777777778,3.5999999999999996,0.7,74.52,24.3
81,1,59.142857142857146,106.45714285714286,0.5555555555555556,1.7999999999999998,0.7,74.52,24.3
81,1.5,88.71428571428571,106.45714285714286,0.8333333333333333,1.2000000000000002,0.7,74.52,24.3
81,2,118.28571428571429,106.45714285714286,1.1111111111111112,0.8999999999999999,0.7,74.52,24.3
81,3,177.42857142857142,106.45714285714286,1.6666666666666665,0.6000000000000001,0.7,74.52,24.3
82,0.25,14.968253968253968,107.77142857142857,0.1388888888888889,7.199999999999999,0.7,75.44,24.6
82,0.5,29.936507936507937,107.77142857142857,0.2777777777777778,3.5999999999999996,0.7,75.44,24.6
82,1,59.87301587301587,107.77142857142857,0.5555555555555556,1.7999999999999998,0.7,75.44,24.6
82,1.5,89.8095238095238,107.77142857142857,0.8333333333333333,1.2000000000000002,0.7,75.44,24.6
82,2,119.74603174603175,107.77142857142857,1.1111111111111112,0.8999999999999999,0.7,75.44,24.6
82,3,179.6190476190476,107.77142857142857,1.6666666666666665,0.6000000000000001,0.7,75.44,24.6
83,0.25,15.150793650793652,109.08571428571429,0.1388888888888889,7.199999999999999,0.7,76.36,24.9
83,0.5,30.301587301587304,109.08571428571429,0.2777777777777778,3.5999999999999996,0.7,76.36,24.9
83,1,60.60317460317461,109.08571428571429,0.5555555555555556,1.7999999999999998,0.7,76.36,24.9
83,1.5,90.9047619047619,109.08571428571429,0.8333333333333333,1.2000000000000002,0.7,76.36,24.9
83,2,121.20634920634922,109.08571428571429,1.1111111111111112,0.8999999999999999,0.7,76.36,24.9
83,3,181.8095238095238,109.08571428571429,1.6666666666666665,0.6000000000000001,0.7,76.36,24.9
84,0.25,15.333333333333334,110.4,0.1388888888888889,7.199999999999999,0.7,77.28,25.2
84,0.5,30.666666666666668,110.4,0.2777777777777778,3.5999999999999996,0.7,77.28,25.2
84,1,61.333333333333336,110.4,0.5555555555555556,1.7999999999999998,0.7,77.28,25.2
84,1.5,92.0,110.4,0.8333333333333333,1.2000000000000002,0.7,77.28,25.2
84,2,122.66666666666667,110.4,1.1111111111111112,0.8999999999999999,0.7,77.28,25.2
84,3,184.0,110.4,1.6666666666666665,0.6000000000000001,0.7,77.28,25.2
85,0.25,15.515873015873018,111.71428571428572,0.1388888888888889,7.199999999999999,0.7,78.2,25.5
85,0.5,31.031746031746035,111.71428571428572,0.2777777777777778,3.5999999999999996,0.7,78.2,25.5
85,1,62.06349206349207,111.71428571428572,0.5555555555555556,1.7999999999999998,0.7,78.2,25.5
85,1.5,93.09523809523809,111.71428571428572,0.8333333333333333,1.2000000000000002,0.7,78.2,25.5
85,2,124.12698412698414,111.71428571428572,1.1111111111111112,0.8999999999999999,0.7,78.2,25.5
85,3,186.19047619047618,111.71428571428572,1.6666666666666665,0.6000000000000001,0.7,78.2,25.5
86,0.25,15.698412698412701,113.02857142857144,0.1388888888888889,7.199999999999999,0.7,79.12,25.8
86,0.5,31.396825396825403,113.02857142857144,0.2777777777777778,3.5999999999999996,0.7,79.12,25.8
86,1,62.793650793650805,113.02857142857144,0.5555555555555556,1.7999999999999998,0.7,79.12,25.8
86,1.5,94.19047619047619,113.02857142857144,0.8333333333333333,1.2000000000000002,0.7,79.12,25.8
86,2,125.58730158730161,113.02857142857144,1.1111111111111112,0.8999999999999999,0.7,79.12,25.8
86,3,188.38095238095238,113.02857142857144,1.6666666666666665,0.6000000000000001,0.7,79.12,25.8
87,0.25,15.880952380952383,114.34285714285716,0.1388888888888889,7.199999999999999,0.7,80.04,26.1
87,0.5,31.761904761904766,114.34285714285716,0.2777777777777778,3.5999999999999996,0.7,80.04,26.1
87,1,63.52380952380953,114.34285714285716,0.5555555555555556,1.7999999999999998,0.7,80.04,26.1
87,1.5,95.28571428571429,114.34285714285716,0.8333333333333333,1.2000000000000002,0.7,80.04,26.1
87,2,127.04761904761907,114.34285714285716,1.1111111111111112,0.8999999999999999,0.7,80.04,26.1
87,3,190.57142857142858,114.34285714285716,1.6666666666666665,0.6000000000000001,0.7,80.04,26.1
88,0.25,16.063492063492063,115.65714285714286,0.1388888888888889,7.199999999999999,0.7,80.96,26.4
88,0.5,32.12698412698413,115.65714285714286,0.2777777777777778,3.5999999999999996,0.7,80.96,26.4
88,1,64.25396825396825,115.65714285714286,0.5555555555555556,1.7999999999999998,0.7,80.96,26.4
88,1.5,96.38095238095238,115.65714285714286,0.8333333333333333,1.2000000000000002,0.7,80.96,26.4
88,2,128.5079365079365,115.65714285714286,1.1111111111111112,0.8999999999999999,0.7,80.96,26.4
88,3,192.76190476190476,115.65714285714286,1.6666666666666665,0.6000000000000001,0.7,80.96,26.4
89,0.25,16.246031746031747,116.97142857142858,0.1388888888888889,7.199999999999999,0.7,81.88,26.7
89,0.5,32.492063492063494,116.97142857142858,0.2777777777777778,3.5999999999999996,0.7,81.88,26.7
89,1,64.98412698412699,116.97142857142858,0.5555555555555556,1.7999999999999998,0.7,81.88,26.7
89,1.5,97.47619047619047,116.97142857142858,0.8333333333333333,1.2000000000000002,0.7,81.88,26.7
89,2,129.96825396825398,116.97142857142858,1.1111111111111112,0.8999999999999999,0.7,81.88,26.7
89,3,194.95238095238093,116.97142857142858,1.6666666666666665,0.6000000000000001,0.7,81.88,26.7
90,0.25,16.42857142857143,118.28571428571429,0.1388888888888889,7.199999999999999,0.7,82.8,27.0
90,0.5,32.85714285714286,118.28571428571429,0.2777777777777778,3.5999999999999996,0.7,82.8,27.0
90,1,65.71428571428572,118.28571428571429,0.5555555555555556,1.7999999999999998,0.7,82.8,27.0
90,1.5,98.57142857142857,118.28571428571429,0.8333333333333333,1.2000000000000002,0.7,82.8,27.0
90,2,131.42857142857144,118.28571428571429,1.1111111111111112,0.8999999999999999,0.7,82.8,27.0
90,3,197.14285714285714,118.28571428571429,1.6666666666666665,0.6000000000000001,0.7,82.8,27.0
91,0.25,16.611111111111114,119.60000000000001,0.1388888888888889,7.199999999999999,0.7,83.72,27.3
91,0.5,33.22222222222223,119.60000000000001,0.2777777777777778,3.5999999999999996,0.7,83.72,27.3
91,1,66.44444444444446,119.60000000000001,0.5555555555555556,1.7999999999999998,0.7,83.72,27.3
91,1.5,99.66666666666667,119.60000000000001,0.8333333333333333,1.2000000000000002,0.7,83.72,27.3
91,2,132.8888888888889,119.60000000000001,1.1111111111111112,0.8999999999999999,0.7,83.72,27.3
91,3,199.33333333333334,119.60000000000001,1.6666666666666665,0.6000000000000001,0.7,83.72,27.3
92,0.25,16.793650793650794,120.91428571428573,0.1388888888888889,7.199999999999999,0.7,84.64,27.6
92,0.5,33.58730158730159,120.91428571428573,0.2777777777777778,3.5999999999999996,0.7,84.64,27.6
92,1,67.17460317460318,120.91428571428573,0.5555555555555556,1.7999999999999998,0.7,84.64,27.6
92,1.5,100.76190476190476,120.91428571428573,0.8333333333333333,1.2000000000000002,0.7,84.64,27.6
92,2,134.34920634920636,120.91428571428573,1.1111111111111112,0.8999999999999999,0.7,84.64,27.6
92,3,201.52380952380952,120.91428571428573,1.6666666666666665,0.6000000000000001,0.7,84.64,27.6
93,0.25,16.976190476190478,122.22857142857144,0.1388888888888889,7.199999999999999,0.7,85.56,27.9
93,0.5,33.952380952380956,122.22857142857144,0.2777777777777778,3.5999999999999996,0.7,85.56,27.9
93,1,67.90476190476191,122.22857142857144,0.5555555555555556,1.7999999999999998,0.7,85.56,27.9
93,1.5,101.85714285714286,122.22857142857144,0.8333333333333333,1.2000000000000002,0.7,85.56,27.9
93,2,135.80952380952382,122.22857142857144,1.1111111111111112,0.8999999999999999,0.7,85.56,27.9
93,3,203.71428571428572,122.22857142857144,1.6666666666666665,0.6000000000000001,0.7,85.56,27.9
94,0.25,17.15873015873016,123.54285714285716,0.1388888888888889,7.199999999999999,0.7,86.48,28.2
94,0.5,34.31746031746032,123.54285714285716,0.2777777777777778,3.5999999999999996,0.7,86.48,28.2
94,1,68.63492063492065,123.54285714285716,0.5555555555555556,1.7999999999999998,0.7,86.48,28.2
94,1.5,102.95238095238096,123.54285714285716,0.8333333333333333,1.2000000000000002,0.7,86.48,28.2
94,2,137.2698412698413,123.54285714285716,1.1111111111111112,0.8999999999999999,0.7,86.48,28.2
94,3,205.90476190476193,123.54285714285716,1.6666666666666665,0.6000000000000001,0.7,86.48,28.2
95,0.25,17.341269841269845,124.85714285714288,0.1388888888888889,7.199999999999999,0.7,87.4,28.5
95,0.5,34.68253968253969,124.85714285714288,0.2777777777777778,3.5999999999999996,0.7,87.4,28.5
95,1,69.36507936507938,124.85714285714288,0.5555555555555556,1.7999999999999998,0.7,87.4,28.5
95,1.5,104.04761904761905,124.85714285714288,0.8333333333333333,1.2000000000000002,0.7,87.4,28.5
95,2,138.73015873015876,124.85714285714288,1.1111111111111112,0.8999999999999999,0.7,87.4,28.5
95,3,208.0952380952381,124.85714285714288,1.6666666666666665,0.6000000000000001,0.7,87.4,28.5
96,0.25,17.523809523809522,126.17142857142856,0.1388888888888889,7.199999999999999,0.7,88.32,28.8
96,0.5,35.047619047619044,126.17142857142856,0.2777777777777778,3.5999999999999996,0.7,88.32,28.8
96,1,70.09523809523809,126.17142857142856,0.5555555555555556,1.7999999999999998,0.7,88.32,28.8
96,1.5,105.14285714285712,126.17142857142856,0.8333333333333333,1.2000000000000002,0.7,88.32,28.8
96,2,140.19047619047618,126.17142857142856,1.1111111111111112,0.8999999999999999,0.7,88.32,28.8
96,3,210.28571428571425,126.17142857142856,1.6666666666666665,0.6000000000000001,0.7,88.32,28.8
97,0.25,17.706349206349206,127.48571428571428,0.1388888888888889,7.199999999999999,0.7,89.24,29.1
97,0.5,35.41269841269841,127.48571428571428,0.2777777777777778,3.5999999999999996,0.7,89.24,29.1
97,1,70.82539682539682,127.48571428571428,0.5555555555555556,1.7999999999999998,0.7,89.24,29.1
97,1.5,106.23809523809523,127.48571428571428,0.8333333333333333,1.2000000000000002,0.7,89.24,29.1
97,2,141.65079365079364,127.48571428571428,1.1111111111111112,0.8999999999999999,0.7,89.24,29.1
97,3,212.47619047619045,127.48571428571428,1.6666666666666665,0.6000000000000001,0.7,89.24,29.1
98,0.25,17.888888888888893,128.8,0.1388888888888889,7.199999999999999,0.7,90.16,29.4
98,0.5,35.777777777777786,128.8,0.2777777777777778,3.5999999999999996,0.7,90.16,29.4
98,1,71.55555555555557,128.8,0.5555555555555556,1.7999999999999998,0.7,90.16,29.4
98,1.5,107.33333333333333,128.8,0.8333333333333333,1.2000000000000002,0.7,90.16,29.4
98,2,143.11111111111114,128.8,1.1111111111111112,0.8999999999999999,0.7,90.16,29.4
98,3,214.66666666666666,128.8,1.6666666666666665,0.6000000000000001,0.7,90.16,29.4
99,0.25,18.071428571428573,130.11428571428573,0.1388888888888889,7.199999999999999,0.7,91.08,29.7
99,0.5,36.142857142857146,130.11428571428573,0.2777777777777778,3.5999999999999996,0.7,91.08,29.7
99,1,72.28571428571429,130.11428571428573,0.5555555555555556,1.7999999999999998,0.7,91.08,29.7
99,1.5,108.42857142857143,130.11428571428573,0.8333333333333333,1.2000000000000002,0.7,91.08,29.7
99,2,144.57142857142858,130.11428571428573,1.1111111111111112,0.8999999999999999,0.7,91.08,29.7
99,3,216.85714285714286,130.11428571428573,1.6666666666666665,0.6000000000000001,0.7,91.08,29.7
100,0.25,18.253968253968257,131.42857142857144,0.1388888888888889,7.199999999999999,0.7,92.0,30.0
100,0.5,36.50793650793651,131.42857142857144,0.2777777777777778,3.5999999999999996,0.7,92.0,30.0
100,1,73.01587301587303,131.42857142857144,0.5555555555555556,1.7999999999999998,0.7,92.0,30.0
100,1.5,109.52380952380953,131.42857142857144,0.8333333333333333,1.2000000000000002,0.7,92.0,30.0
100,2,146.03174603174605,131.42857142857144,1.1111111111111112,0.8999999999999999,0.7,92.0,30.0
100,3,219.04761904761907,131.42857142857144,1.6666666666666665,0.6000000000000001,0.7,92.0,30.0
